SET NAMES utf8mb4;
USE `cnpm`;

START TRANSACTION;

INSERT INTO `tblUser` (`id`, `username`, `password`, `fullname`, `role`) VALUES
(1, 'binh', 'binh123', 'Bình', 'Seller'),
(2, 'nva', 'nva789@', 'Nguyễn Văn A', 'Manager'),
(3, 'lan', 'lan123', 'Nguyễn Thị Lan', 'Seller');

INSERT INTO `tblClient` (`id`, `fullname`, `address`, `tel`, `email`, `note`) VALUES
(1, 'Trần Khánh Linh', 'Cầu Giấy, Hà Nội', '09123', 'tranklinh@gmail.com', 'Khách quen'),
(2, 'Phạm Gia Hân', 'Kim Mã, Hà Nội', '08123', 'han@gmail.com', 'Khách mới'),
(3, 'Lê Yến Nhi', 'Nguyễn Trãi, Hà Nội', '07123', 'nhi@gmail.com', 'Khách mới'),
(4, 'Phạm Mai Linh', 'Kim Mã, Hà Nội', '06123', 'mailinh@gmail.com', 'Khách VIP'),
(5, 'Nguyễn Thu Hà', 'Trần Phú, Hà Nội', '05123', 'thuha@gmail.com', 'Khách mới'),
(6, 'Đỗ Minh Anh', 'Tây Hồ, Hà Nội', '098880001', 'minhanh@gmail.com', 'Khách thuê theo đoàn'),
(7, 'Hoàng Đức Nam', 'Long Biên, Hà Nội', '098880002', 'ducnam@gmail.com', 'Khách thuê biểu diễn'),
(8, 'Bùi Trà My', 'Thanh Xuân, Hà Nội', '098880003', 'tramy@gmail.com', 'Khách thuê chụp ảnh'),
(9, 'Vũ Quang Huy', 'Hà Đông, Hà Nội', '098880004', 'quanghuy@gmail.com', 'Khách mới'),
(10, 'Đặng Phương Chi', 'Đống Đa, Hà Nội', '098880005', 'phuongchi@gmail.com', 'Khách giữ đồ lâu ngày');

INSERT INTO `tblCostume` (`id`, `name`, `type`, `category`, `description`, `price`) VALUES
(1, 'Váy múa sen', 'Nữ', 'Dân gian', 'Biểu diễn múa sen', 400000.00),
(2, 'Áo bà ba', 'Nam/Nữ', 'Dân gian', 'Biểu diễn dân ca', 250000.00),
(3, 'Áo dài trắng', 'Nữ', 'Truyền thống', 'Áo dài trắng học sinh', 200000.00),
(4, 'Váy công chúa', 'Nữ', 'Hóa trang', 'Váy xòe xanh nhạt', 300000.00),
(5, 'Vest trắng', 'Nam', 'Biểu diễn', 'Biểu diễn ca nhạc', 900000.00),
(6, 'Váy dạ hội', 'Nữ', 'Biểu diễn', 'Váy mặc dạ hội', 300000.00),
(7, 'Áo choàng pháp sư', 'Nam/Nữ', 'Hóa trang', 'Áo choàng biểu diễn sân khấu', 700000.00),
(8, 'Áo dài đỏ', 'Nữ', 'Truyền thống', 'Áo dài đỏ dùng cho lễ hội', 650000.00),
(9, 'Kimono hoa', 'Nữ', 'Quốc tế', 'Trang phục kimono chụp ảnh', 800000.00),
(10, 'Trang phục hoàng tử', 'Nam', 'Hóa trang', 'Bộ hoàng tử gồm áo khoác và quần', 1200000.00);

INSERT INTO `tblDamage` (`id`, `name`, `fee`, `description`) VALUES
(1, 'Bẩn nhẹ', 30000.00, 'Có vết bẩn nhỏ, cần giặt xử lý'),
(2, 'Rách nhẹ', 120000.00, 'Rách nhỏ, cần sửa'),
(3, 'Thiếu phụ kiện', 80000.00, 'Thiếu một phụ kiện đi kèm'),
(4, 'Đứt khuy', 50000.00, 'Đứt hoặc mất khuy áo');

INSERT INTO `tblCollateral` (`id`, `name`, `type`, `note`) VALUES
(1, 'Tiền mặt', 1, 'Cọc bằng tiền mặt'),
(2, 'Căn cước công dân', 2, 'Giữ giấy tờ tùy thân'),
(3, 'Bằng lái xe', 2, 'Giữ giấy tờ tùy thân');

INSERT INTO `tblRentalBill` (`id`, `createdAt`, `saleoff`, `note`, `userId`, `clientId`) VALUES
(1, '2025-03-20 08:00:00', 0.00, NULL, 1, 5),
(2, '2025-03-21 08:00:00', 0.00, NULL, 1, 2),
(3, '2025-03-22 09:00:00', 0.00, NULL, 1, 3),
(4, '2025-03-26 08:00:00', 0.00, NULL, 1, 1),
(5, '2025-03-29 10:00:00', 0.00, NULL, 1, 2),
(6, '2025-04-01 09:00:00', 0.00, NULL, 1, 3),
(7, '2025-04-04 08:00:00', 0.00, NULL, 1, 4),
(8, '2025-02-10 08:00:00', 0.00, 'Nhóm trang phục có damage, tránh dùng cho test chính', 1, 5),
(9, '2025-05-05 09:00:00', 0.00, 'TC1: start < rentedAt < returnedAt < end', 1, 6),
(10, '2025-06-20 09:00:00', 0.00, 'TC2: rentedAt < start < end < returnedAt', 1, 7),
(11, '2025-08-20 09:00:00', 0.00, 'TC3: rentedAt < start < returnedAt < end', 1, 8),
(12, '2025-10-10 09:00:00', 0.00, 'TC4: start < rentedAt < end < returnedAt', 1, 9),
(13, '2025-11-01 09:00:00', 0.00, 'Case chưa trả đồ: returnedAt NULL qua việc chưa có ReturnBill', 1, 10),
(14, '2025-12-03 09:00:00', 0.00, 'Nhóm damage bổ sung, không dùng cho test chính', 1, 6),
(15, '2025-05-07 08:30:00', 0.00, 'TC1 bổ sung - Váy múa sen', 1, 7),
(16, '2025-05-09 09:00:00', 0.00, 'TC1 bổ sung - Áo bà ba', 1, 8),
(17, '2025-05-12 08:45:00', 0.00, 'TC1 bổ sung - Áo dài trắng', 1, 9),
(18, '2025-05-15 10:00:00', 0.00, 'TC1 bổ sung - Váy công chúa', 1, 10),
(19, '2025-05-18 09:15:00', 0.00, 'TC1 bổ sung - Vest trắng', 1, 1),
(20, '2025-05-21 08:20:00', 0.00, 'TC1 bổ sung - Áo choàng pháp sư mượn lần 2', 1, 2),
(21, '2025-06-15 08:30:00', 0.00, 'TC2 bổ sung - Váy múa sen', 1, 8),
(22, '2025-06-18 09:00:00', 0.00, 'TC2 bổ sung - Áo bà ba', 1, 9),
(23, '2025-06-22 08:45:00', 0.00, 'TC2 bổ sung - Váy công chúa', 1, 10),
(27, '2025-08-15 08:30:00', 0.00, 'TC3 bổ sung - Váy múa sen', 1, 9),
(28, '2025-08-18 09:00:00', 0.00, 'TC3 bổ sung - Áo bà ba', 1, 10),
(29, '2025-08-21 08:45:00', 0.00, 'TC3 bổ sung - Váy công chúa', 1, 1),
(33, '2025-10-05 08:30:00', 0.00, 'TC4 bổ sung - Váy múa sen', 1, 10),
(34, '2025-10-08 09:00:00', 0.00, 'TC4 bổ sung - Áo dài trắng', 1, 1),
(35, '2025-10-12 08:45:00', 0.00, 'TC4 bổ sung - Váy công chúa', 1, 2),
(39, '2025-11-08 09:00:00', 0.00, 'Đang thuê chưa trả - Áo dài đỏ', 1, 6),
(40, '2026-01-05 09:00:00', 0.00, 'Đang thuê chưa trả - Kimono hoa', 1, 7);

INSERT INTO `tblRentedCostume` (`id`, `rentalPrice`, `rentalQuantity`, `rentedAt`, `dateToReturn`, `costumeId`, `rentalBillId`) VALUES
(1, 200000.00, 7, '2025-03-20 08:30:00', '2025-04-12 18:00:00', 1, 1),
(2, 120000.00, 4, '2025-03-20 08:30:00', '2025-04-12 18:00:00', 3, 1),
(3, 200000.00, 3, '2025-03-20 08:30:00', '2025-04-12 18:00:00', 2, 1),
(4, 300000.00, 2, '2025-03-20 08:30:00', '2025-04-12 18:00:00', 5, 1),
(5, 200000.00, 4, '2025-03-21 08:30:00', '2025-04-01 18:00:00', 1, 2),
(6, 120000.00, 5, '2025-03-21 08:30:00', '2025-04-01 18:00:00', 3, 2),
(7, 200000.00, 4, '2025-03-21 08:30:00', '2025-04-01 18:00:00', 2, 2),
(8, 300000.00, 3, '2025-03-21 08:30:00', '2025-04-01 18:00:00', 5, 2),
(9, 200000.00, 3, '2025-03-22 09:30:00', '2025-03-24 18:00:00', 1, 3),
(10, 120000.00, 3, '2025-03-22 09:30:00', '2025-03-24 18:00:00', 3, 3),
(11, 200000.00, 4, '2025-03-22 09:30:00', '2025-03-24 18:00:00', 2, 3),
(12, 300000.00, 2, '2025-03-22 09:30:00', '2025-03-24 18:00:00', 5, 3),
(13, 180000.00, 3, '2025-03-26 08:30:00', '2025-04-05 18:00:00', 4, 4),
(14, 180000.00, 2, '2025-03-29 10:30:00', '2025-04-10 18:00:00', 4, 5),
(15, 180000.00, 2, '2025-04-01 09:30:00', '2025-04-02 18:00:00', 4, 6),
(16, 180000.00, 1, '2025-04-04 08:30:00', '2025-04-05 18:00:00', 4, 7),
(17, 180000.00, 2, '2025-04-04 08:30:00', '2025-04-05 18:00:00', 6, 7),
(18, 200000.00, 4, '2025-02-10 08:30:00', '2025-02-18 18:00:00', 1, 8),
(19, 120000.00, 3, '2025-02-10 08:30:00', '2025-02-18 18:00:00', 3, 8),
(20, 200000.00, 3, '2025-02-10 08:30:00', '2025-02-18 18:00:00', 2, 8),
(21, 180000.00, 2, '2025-05-05 09:30:00', '2025-05-18 18:00:00', 7, 9),
(22, 150000.00, 1, '2025-06-20 09:30:00', '2025-07-20 18:00:00', 8, 10),
(23, 220000.00, 3, '2025-08-20 09:30:00', '2025-09-12 18:00:00', 9, 11),
(24, 300000.00, 2, '2025-10-10 09:30:00', '2025-10-31 18:00:00', 10, 12),
(25, 180000.00, 1, '2025-11-01 09:30:00', '2025-11-20 18:00:00', 7, 13),
(26, 450000.00, 1, '2025-12-03 09:30:00', '2025-12-09 18:00:00', 10, 14),
(27, 150000.00, 1, '2025-05-07 09:00:00', '2025-05-15 18:00:00', 1, 15),
(28, 130000.00, 2, '2025-05-09 09:30:00', '2025-05-21 18:00:00', 2, 16),
(29, 120000.00, 1, '2025-05-12 09:15:00', '2025-05-18 18:00:00', 3, 17),
(30, 180000.00, 3, '2025-05-15 10:30:00', '2025-05-26 18:00:00', 4, 18),
(31, 300000.00, 1, '2025-05-18 09:45:00', '2025-05-28 18:00:00', 5, 19),
(32, 180000.00, 1, '2025-05-21 08:50:00', '2025-05-30 18:00:00', 7, 20),
(33, 150000.00, 2, '2025-06-15 09:00:00', '2025-08-04 18:00:00', 1, 21),
(34, 130000.00, 1, '2025-06-18 09:30:00', '2025-08-09 18:00:00', 2, 22),
(35, 180000.00, 2, '2025-06-22 09:15:00', '2025-08-11 18:00:00', 4, 23),
(39, 150000.00, 1, '2025-08-15 09:00:00', '2025-09-04 18:00:00', 1, 27),
(40, 130000.00, 2, '2025-08-18 09:30:00', '2025-09-09 18:00:00', 2, 28),
(41, 180000.00, 1, '2025-08-21 09:15:00', '2025-09-17 18:00:00', 4, 29),
(45, 150000.00, 2, '2025-10-05 09:00:00', '2025-11-04 18:00:00', 1, 33),
(46, 120000.00, 1, '2025-10-08 09:30:00', '2025-11-07 18:00:00', 3, 34),
(47, 180000.00, 2, '2025-10-12 09:15:00', '2025-11-11 18:00:00', 4, 35),
(51, 150000.00, 1, '2025-11-08 09:30:00', '2025-11-25 18:00:00', 8, 39),
(52, 220000.00, 1, '2026-01-05 09:30:00', '2026-01-18 18:00:00', 9, 40);

INSERT INTO `tblRentedDamage` (`id`, `quantity`, `note`, `damageId`, `rentedCostumeId`) VALUES
(1, 1, 'Có vết bẩn nhỏ trước khi cho thuê', 1, 18),
(2, 1, 'Rách nhẹ trước khi cho thuê', 2, 19),
(3, 1, 'Thiếu phụ kiện sẵn', 3, 20),
(4, 1, 'Đứt khuy phát hiện lúc cho thuê', 4, 26);

INSERT INTO `tblRentalCollateral` (`id`, `value`, `note`, `collateralId`, `rentalBillId`) VALUES
(1, 1.00, 'Giữ CCCD', 2, 1),
(2, 500000.00, 'Cọc tiền mặt', 1, 1),
(3, 1.00, 'Giữ CCCD', 2, 2),
(4, 800000.00, 'Cọc tiền mặt', 1, 2),
(5, 1.00, 'Giữ bằng lái xe', 3, 3),
(6, 500000.00, 'Cọc tiền mặt', 1, 3),
(7, 1.00, 'Giữ CCCD', 2, 4),
(8, 300000.00, 'Cọc tiền mặt', 1, 4),
(9, 1.00, 'Giữ CCCD', 2, 5),
(10, 300000.00, 'Cọc tiền mặt', 1, 5),
(11, 1.00, 'Giữ bằng lái xe', 3, 6),
(12, 300000.00, 'Cọc tiền mặt', 1, 6),
(13, 1.00, 'Giữ CCCD', 2, 7),
(14, 300000.00, 'Cọc tiền mặt', 1, 7),
(15, 1.00, 'Giữ CCCD', 2, 8),
(16, 500000.00, 'Cọc tiền mặt', 1, 8),
(17, 1.00, 'Giữ CCCD', 2, 9),
(18, 500000.00, 'Cọc tiền mặt', 1, 9),
(19, 1.00, 'Giữ CCCD', 2, 10),
(20, 700000.00, 'Cọc tiền mặt', 1, 10),
(21, 1.00, 'Giữ bằng lái xe', 3, 11),
(22, 500000.00, 'Cọc tiền mặt', 1, 11),
(23, 1.00, 'Giữ CCCD', 2, 12),
(24, 800000.00, 'Cọc tiền mặt', 1, 12),
(25, 1.00, 'Giữ CCCD', 2, 13),
(26, 500000.00, 'Cọc tiền mặt', 1, 13),
(27, 1.00, 'Giữ CCCD', 2, 14),
(28, 450000.00, 'Cọc tiền mặt', 1, 14),
(29, 200000.00, 'Cọc tiền mặt', 1, 15),
(30, 260000.00, 'Cọc tiền mặt', 1, 16),
(31, 200000.00, 'Cọc tiền mặt', 1, 17),
(32, 540000.00, 'Cọc tiền mặt', 1, 18),
(33, 300000.00, 'Cọc tiền mặt', 1, 19),
(34, 300000.00, 'Cọc tiền mặt', 1, 20),
(35, 300000.00, 'Cọc tiền mặt', 1, 21),
(36, 200000.00, 'Cọc tiền mặt', 1, 22),
(37, 360000.00, 'Cọc tiền mặt', 1, 23),
(41, 200000.00, 'Cọc tiền mặt', 1, 27),
(42, 260000.00, 'Cọc tiền mặt', 1, 28),
(43, 300000.00, 'Cọc tiền mặt', 1, 29),
(47, 300000.00, 'Cọc tiền mặt', 1, 33),
(48, 200000.00, 'Cọc tiền mặt', 1, 34),
(49, 360000.00, 'Cọc tiền mặt', 1, 35),
(53, 300000.00, 'Cọc tiền mặt - đang thuê chưa trả', 1, 39),
(54, 400000.00, 'Cọc tiền mặt - đang thuê chưa trả', 1, 40);

INSERT INTO `tblReturnBill` (`id`, `returnedAt`, `note`, `userId`, `clientId`) VALUES
(1, '2025-04-15 08:00:00', 'Trả đủ', 1, 5),
(2, '2025-04-02 08:00:00', 'Trả đủ', 1, 2),
(3, '2025-03-24 08:00:00', 'Trả đủ', 1, 3),
(4, '2025-04-05 08:00:00', 'Trả đủ', 1, 1),
(5, '2025-04-12 08:00:00', 'Trả đủ', 1, 2),
(6, '2025-04-02 08:00:00', 'Trả đủ', 1, 3),
(7, '2025-04-05 08:00:00', 'Trả đủ', 1, 4),
(8, '2025-02-20 08:00:00', 'Trả đủ, có hư hại', 1, 5),
(9, '2025-05-20 08:00:00', 'TC1: trả trong khoảng lọc', 1, 6),
(10, '2025-08-15 08:00:00', 'TC2: trả sau ngày kết thúc lọc', 1, 7),
(11, '2025-09-15 08:00:00', 'TC3: trả trong khoảng lọc sau start', 1, 8),
(12, '2025-11-15 08:00:00', 'TC4: trả sau ngày kết thúc lọc', 1, 9),
(13, '2025-12-10 08:00:00', 'Trả đủ, có damage bổ sung', 1, 6),
(14, '2025-05-16 08:00:00', 'TC1 bổ sung - Trả Váy múa sen', 1, 7),
(15, '2025-05-22 08:00:00', 'TC1 bổ sung - Trả Áo bà ba', 1, 8),
(16, '2025-05-18 08:00:00', 'TC1 bổ sung - Trả Áo dài trắng', 1, 9),
(17, '2025-05-27 08:00:00', 'TC1 bổ sung - Trả Váy công chúa', 1, 10),
(18, '2025-05-29 08:00:00', 'TC1 bổ sung - Trả Vest trắng', 1, 1),
(19, '2025-05-30 08:00:00', 'TC1 bổ sung - Trả Áo choàng pháp sư', 1, 2),
(20, '2025-08-05 08:00:00', 'TC2 bổ sung - Trả Váy múa sen', 1, 8),
(21, '2025-08-10 08:00:00', 'TC2 bổ sung - Trả Áo bà ba', 1, 9),
(22, '2025-08-12 08:00:00', 'TC2 bổ sung - Trả Váy công chúa', 1, 10),
(26, '2025-09-05 08:00:00', 'TC3 bổ sung - Trả Váy múa sen', 1, 9),
(27, '2025-09-10 08:00:00', 'TC3 bổ sung - Trả Áo bà ba', 1, 10),
(28, '2025-09-18 08:00:00', 'TC3 bổ sung - Trả Váy công chúa', 1, 1),
(32, '2025-11-05 08:00:00', 'TC4 bổ sung - Trả Váy múa sen', 1, 10),
(33, '2025-11-08 08:00:00', 'TC4 bổ sung - Trả Áo dài trắng', 1, 1),
(34, '2025-11-12 08:00:00', 'TC4 bổ sung - Trả Váy công chúa', 1, 2);

INSERT INTO `tblReturnedCostume` (`id`, `returnedQuantity`, `rentedCostumeId`, `returnBillId`) VALUES
(1, 7, 1, 1),
(2, 4, 2, 1),
(3, 3, 3, 1),
(4, 2, 4, 1),
(5, 4, 5, 2),
(6, 5, 6, 2),
(7, 4, 7, 2),
(8, 3, 8, 2),
(9, 3, 9, 3),
(10, 3, 10, 3),
(11, 4, 11, 3),
(12, 2, 12, 3),
(13, 3, 13, 4),
(14, 2, 14, 5),
(15, 2, 15, 6),
(16, 1, 16, 7),
(17, 2, 17, 7),
(18, 4, 18, 8),
(19, 3, 19, 8),
(20, 3, 20, 8),
(21, 2, 21, 9),
(22, 1, 22, 10),
(23, 3, 23, 11),
(24, 2, 24, 12),
(25, 1, 26, 13),
(26, 1, 27, 14),
(27, 2, 28, 15),
(28, 1, 29, 16),
(29, 3, 30, 17),
(30, 1, 31, 18),
(31, 1, 32, 19),
(32, 2, 33, 20),
(33, 1, 34, 21),
(34, 2, 35, 22),
(38, 1, 39, 26),
(39, 2, 40, 27),
(40, 1, 41, 28),
(44, 2, 45, 32),
(45, 1, 46, 33),
(46, 2, 47, 34);

INSERT INTO `tblReturnedDamage` (`id`, `quantity`, `fee`, `note`, `damageId`, `returnedCostumeId`) VALUES
(1, 1, 30000.00, 'Bẩn nhẹ phát sinh khi trả', 1, 18),
(2, 1, 120000.00, 'Rách nhẹ tay áo khi trả', 2, 19),
(3, 1, 80000.00, 'Thiếu phụ kiện đi kèm', 3, 20),
(4, 1, 50000.00, 'Đứt khuy khi trả', 4, 25);

INSERT INTO `tblReturnedCollateral` (`id`, `returnedValue`, `rentalCollateralId`, `returnBillId`) VALUES
(1, 1.00, 1, 1),
(2, 500000.00, 2, 1),
(3, 1.00, 3, 2),
(4, 680000.00, 4, 2),
(5, 1.00, 5, 3),
(6, 500000.00, 6, 3),
(7, 1.00, 7, 4),
(8, 300000.00, 8, 4),
(9, 1.00, 9, 5),
(10, 270000.00, 10, 5),
(11, 1.00, 11, 6),
(12, 300000.00, 12, 6),
(13, 1.00, 13, 7),
(14, 300000.00, 14, 7),
(15, 1.00, 15, 8),
(16, 500000.00, 16, 8),
(17, 1.00, 17, 9),
(18, 500000.00, 18, 9),
(19, 1.00, 19, 10),
(20, 700000.00, 20, 10),
(21, 1.00, 21, 11),
(22, 500000.00, 22, 11),
(23, 1.00, 23, 12),
(24, 800000.00, 24, 12),
(25, 1.00, 27, 13),
(26, 400000.00, 28, 13),
(27, 200000.00, 29, 14),
(28, 260000.00, 30, 15),
(29, 200000.00, 31, 16),
(30, 540000.00, 32, 17),
(31, 300000.00, 33, 18),
(32, 300000.00, 34, 19),
(33, 300000.00, 35, 20),
(34, 200000.00, 36, 21),
(35, 360000.00, 37, 22),
(39, 200000.00, 41, 26),
(40, 260000.00, 42, 27),
(41, 300000.00, 43, 28),
(45, 300000.00, 47, 32),
(46, 200000.00, 48, 33),
(47, 360000.00, 49, 34);

COMMIT;
